docCat,docTitle,docFile
TCYRA Governance,Association Bylaws,Bylaws.pdf
TCYRA Governance,Installation of Officers Ceremony,InstallationOfOfficers.pdf
Parry Award,Grading Rules,GradingRules.pdf
Parry Award,Chapter Grading Sheet,GradingSheetChapter.pdf
Parry Award,Council Grading Sheet,GradingSheetCouncil.pdf
Festival Organization,Mark Master Paraphernalia,DegreeMarkMaster.pdf
Festival Organization,Past Master Paraphernalia,DegreePastMaster.pdf
Festival Organization,Most Excellent Master Paraphernalia,DegreeMostExcellentMaster.pdf
Festival Organization,Royal Arch Degree Paraphernalia,DegreeRoyalArch.pdf
Festival Organization,Royal Master Degree Paraphernalia,DegreeRoyalMaster.pdf
Festival Organization,Select Master Degree Paraphernalia,DegreeSelectMaster.pdf
Festival Organization,Order of the Red Cross Paraphernalia,Order_of_Red_Cross_Paraphanelia.pdf
Festival Organization,Order of Malta Paraphernalia,Order_of_Malta_paraphanelia.pdf
Festival Organization,Order of the Temple Paraphernalia,Order_of_Temple_Paraphanelia.pdf
Festival Organization,Festival Registration Forms,RegistrationForm.pdf
